source,author,title,description,url,urlToImage,publishedAt,content,sentiment_label,sentiment_score
"{'id': None, 'name': 'Barchart.com'}",Aditya Raghunath,It's 'Going to Be Like a Shockwave' When Tesla's AI Innovations Hit. Should You Buy TSLA Stock First?,Tesla stock has surged to a fresh all-time high following its Q3 results as investors remain bullish on the company's growth prospects.,https://www.barchart.com/story/news/35789416/it-s-going-to-be-like-a-shockwave-when-tesla-s-ai-innovations-hit-should-you-buy-tsla-stock-first,https://s.yimg.com/ny/api/res/1.2/K5tXSV3GOBl2tIpkAz9DzQ--/YXBwaWQ9aGlnaGxhbmRlcjt3PTEyMDA7aD04MDA-/https://media.zenfs.com/en/barchart_com_477/c9768b724915bd5726850b8bf3f4cf93,2025-10-30T11:30:02Z,"Tesla (TSLA) delivered record third-quarter results that CEO Elon Musk believes represent just the beginning of a transportation revolution powered by artificial intelligence (AI).
The electric vehi… [+4887 chars]",positive,0.6005616188049316
"{'id': None, 'name': 'Gizmodo.com'}",Ece Yildirim,Nvidia CEO Jensen Huang Makes His Case for China Trade,"Huang now joins Trump in his Asia tour, ahead of the President's meeting with Xi Jinping.",https://gizmodo.com/nvidia-ceo-jensen-huang-makes-his-case-for-china-trade-2000678877,https://gizmodo.com/app/uploads/2025/10/shutterstock_2681902813-e1761777398744-1200x675.jpg,2025-10-29T23:00:47Z,Nvidia’s first ever GTC to be hosted in Washington D.C.a conference that’s been deemed the “Super Bowl of AI”was a rare occasion that brought together both government officials and the tech industry … [+5116 chars],neutral,0.8384548425674438
"{'id': 'business-insider', 'name': 'Business Insider'}",Alistair Barr,"Why Nvidia is worth $5 trillion: Inside a $35 billion, 1 gigawatt AI data center.",Wall Street analysts estimate that a 1 gigawatt AI data center costs $35 billion. Nvidia takes a huge chunk of that spending.,https://www.businessinsider.com/why-nvidia-worth-5-trillion-inside-35-billion-ai-datacenter-2025-10,https://i.insider.com/69024bbcc007ca8c2737da45?width=1200&format=jpeg,2025-10-29T18:01:37Z,"OpenAI's Stargate data center project in TexasFortune via Reuters Connect
<ul><li>AI data centers are measured in gigawatts of power these days.</li><li>Wall Street analysts have been getting their … [+4624 chars]",neutral,0.8870844841003418
"{'id': None, 'name': 'Gizmodo.com'}",Ece Yildirim,Nvidia Becomes the First Company to Hit $5 Trillion Market Cap,The company hit a historic record just 4 months after the last one.,https://gizmodo.com/nvidia-becomes-the-first-company-to-hit-5-trillion-market-cap-2000678694,https://gizmodo.com/app/uploads/2025/01/Nvidia-CEO-Jensen-Huang-RTX-50-Series-GPU-1-1200x675.jpg,2025-10-29T14:46:21Z,"Nvidia just became the first company in the world to be worth $5 trillion, just four months after it made history by hitting a $4 trillion market capitalization.
The company owed that last bump to a… [+2780 chars]",positive,0.6097816228866577
"{'id': None, 'name': 'Slashdot.org'}",msmash,Nvidia Becomes World's First $5 Trillion Company,Nvidia became the world's first $5 trillion company on Wednesday after its stock climbed 5% in early Wall Street trading to push its market capitalization to $5.13 trillion. The Silicon Valley chipmaker reached the milestone three months after hitting $4 tril…,https://news.slashdot.org/story/25/10/29/1426231/nvidia-becomes-worlds-first-5-trillion-company,https://a.fsdn.com/sd/topics/ai_64.png,2025-10-29T14:26:00Z,Nvidia became the world's first $5 trillion company on Wednesday after its stock climbed 5% in early Wall Street trading to push its market capitalization to $5.13 trillion. The Silicon Valley chipma… [+755 chars],positive,0.8423840999603271
"{'id': None, 'name': 'Gizmodo.com'}",Ece Yildirim,Nvidia Bets the Future on a Robot Workforce,"From surgical robots to humanoid robot fleets for household chores, here's what Nvidia announced about its robots at GTC.",https://gizmodo.com/nvidia-bets-the-future-on-a-robot-workforce-2000677996,https://gizmodo.com/app/uploads/2025/10/Manufacturing-Image-1200x675.jpg,2025-10-28T22:10:47Z,"Nvidia is betting on an AI-driven robot workforce to shape the future of the country.
“It is very likely that you might know robots, and my friend Elon is also working on this, [are] likely going to… [+5740 chars]",neutral,0.8602046370506287
"{'id': None, 'name': 'Slashdot.org'}",BeauHD,Qualcomm Announces AI Chips To Compete With AMD and Nvidia,"Qualcomm has entered the AI data center chip race with its new AI200 and AI250 accelerators, directly challenging Nvidia and AMD's dominance by promising lower power costs and high memory capacity. CNBC reports: The AI chips are a shift from Qualcomm, which h…",https://hardware.slashdot.org/story/25/10/27/2030204/qualcomm-announces-ai-chips-to-compete-with-amd-and-nvidia,https://a.fsdn.com/sd/topics/ai_64.png,2025-10-27T22:50:00Z,"The AI chips are a shift from Qualcomm, which has thus far focused on semiconductors for wireless connectivity and mobile devices, not massive data centers. Qualcomm said that both the AI200, which w… [+773 chars]",neutral,0.8362656831741333
"{'id': 'wired', 'name': 'Wired'}",Brian Merchant,AI Is the Bubble to Burst Them All,I talked to the scholars who literally wrote the book on tech bubbles—and applied their test.,https://www.wired.com/story/ai-bubble-will-burst/,"https://media.wired.com/photos/68e043992e3fc9a36ea8f485/191:100/w_1280,c_limit/WIRED-AI-as_Bubble_Blue_ALT2.jpg",2025-10-27T10:00:00Z,"In the nearly three years since AI took center stage in Silicon Valley, the major players, with the exception of Nvidia, whose chips would likely still be in use post-bust, still havent demonstrated … [+3675 chars]",neutral,0.6573162078857422
"{'id': 'wired', 'name': 'Wired'}",Paul Ford,The Argument for Letting AI Burn It All Down,"When the AI bubble bursts, the nerds will do their best work.",https://www.wired.com/story/ai-normal-after-ai-plateaus/,"https://media.wired.com/photos/68e83fefb02e55ff56b21b54/191:100/w_1280,c_limit/WIRED-AI-as_Normal_Blue_2.jpg",2025-10-27T10:00:00Z,"Suddenly, and not long ago, our dearest tech industry leaders began to suggest caution. Sam Altman said that AI is in a bubble for sure, albeit one formed around a kernel of truth. Mark Zuckerberg sa… [+3018 chars]",neutral,0.8910936117172241
"{'id': 'business-insider', 'name': 'Business Insider'}",Alistair Barr,Big Tech's 'golden handcuffs' have become 'silicon handcuffs',"Engineers at AMD, Broadcom, and Nvidia are being locked in by 'silicon handcuffs' due to soaring stock, echoing past Big Tech equity pay strategies.",https://www.businessinsider.com/big-tech-golden-handcuffs-become-silicon-rsus-nvidia-amd-broadcom-2025-10,https://i.insider.com/68fa7f260be9845f2dc4fd3b?width=1200&format=jpeg,2025-10-24T14:31:01Z,"An x-ray of a person with handcuffs onScience Photo Library/Reuters
<ul><li>A version of this story originally appeared in the BI Tech Memo newsletter.</li><li>Sign up for the weekly BI Tech Memo ne… [+1544 chars]",neutral,0.9320041537284851
"{'id': 'the-verge', 'name': 'The Verge'}",Sean Hollister,"Intel’s tick-tock isn’t coming back, and everything else I just learned","With Windows 10 on its last legs, Intel is looking forward to the PC industry growing more than it has in years - the most since 2021, when the covid-19 pandemic revived the industry by creating a huge surge in demand. But it seems the struggling Intel, which…",https://www.theverge.com/tech/805652/intel-q3-2025-earnings-18a-panther-lake-ai-gpus-annual,https://platform.theverge.com/wp-content/uploads/sites/2/chorus/uploads/chorus_asset/file/25007293/intel14900k.jpg?quality=90&strip=all&crop=0%2C10.462709848801%2C100%2C79.074580302398&w=1200,2025-10-23T23:18:48Z,"<ul><li></li><li></li><li></li></ul>
Intels Q3 earnings call had some intriguing insight.
Intels Q3 earnings call had some intriguing insight.
by
Sean HollisterClose
Sean Hollister
Posts from t… [+4319 chars]",neutral,0.8869865536689758
"{'id': None, 'name': 'MacRumors'}",Hartley Charlton,Apple CEO Tim Cook Pledges to Increase Investment in China,"Apple CEO Tim Cook pledged to expand the company's investments in China during his latest visit to the country, signaling that Apple intends to maintain a strong presence in its most important manufacturing hub even as it continues diversifying production els…",https://www.macrumors.com/2025/10/16/tim-cook-to-increase-investment-in-china/,https://images.macrumors.com/t/3VPOr2qCyWCWYAx7WrNr0aVW3r0=/1600x/article-new/2025/10/tim-cook-china-popmart.jpg,2025-10-16T12:51:02Z,"Apple CEO Tim Cook pledged to expand the company's investments in China during his latest visit to the country, signaling that Apple intends to maintain a strong presence in its most important manufa… [+2345 chars]",positive,0.9215974807739258
"{'id': 'business-insider', 'name': 'Business Insider'}",sobrient@insider.com (Samuel O'Brient),Morgan Stanley says the colossal AI spending spree could pay for itself by 2028,"Some in markets have wondered if the AI spending boom is sustainable, but Morgan Stanley says the huge capex will deliver returns by 2028.",https://www.businessinsider.com/ai-spending-boom-capex-big-tech-morgan-stanley-2025-10,https://i.insider.com/68eeb5351c1f80efbec597a6?width=1200&format=jpeg,2025-10-15T09:30:01Z,"AI is the story driving markets in 2025, but as companies rack up huge tabs in their sprawling infrastructure buildout, some investors have begun to worry: will all of the spending be worth it?
Morg… [+1639 chars]",negative,0.6094604730606079
"{'id': 'business-insider', 'name': 'Business Insider'}",Shubhangi Goel,Jensen Huang name-checks 6 AI companies — and says 100% of Nvidia engineers use one of them,Six AI startups are part of Jensen Huang's future vision for human-agentic AI workforces.,https://www.businessinsider.com/jensen-huang-hot-ai-startups-nvidia-vibe-coding-cursor-openai-2025-10,https://i.insider.com/68ef3a711c1f80efbec59bde?width=1200&format=jpeg,2025-10-15T08:57:52Z,"Nvidia is partnering with beleaguered Intel to the tune of $5 billion.Kent Nishimura/REUTERS
<ul><li>Jensen Huang highlighted six AI startups that he said will be part of the human-digital workforce… [+2553 chars]",neutral,0.7606789469718933
"{'id': None, 'name': 'Gizmodo.com'}",AJ Dellinger,Is the AI Conveyor Belt of Capital About to Stop?,Good thing it's only the entire economy propped up by this right now.,https://gizmodo.com/is-the-ai-conveyor-belt-of-capital-about-to-stop-2000671017,https://gizmodo.com/app/uploads/2025/10/openAI_oracle_stargate-1200x675.jpg,2025-10-13T19:40:03Z,The American economy is little more than a big bet on AI. Morgan Stanley investor Ruchir Sharma recently noted that money poured into AI investments now accounts for about 40% of the United States GD… [+12177 chars],neutral,0.8843939900398254
"{'id': 'the-verge', 'name': 'The Verge'}",Robert Hart,OpenAI partners with Broadcom to produce its own AI chips,OpenAI is teaming up with Broadcom to produce its own computer chips to power its AI data centers. The deal is the latest in a series of partnerships designed to reduce the company’s reliance on Nvidia and secure enough computing power to fuel apps like ChatG…,https://www.theverge.com/news/798827/openai-broadcom-custom-ai-chips,https://platform.theverge.com/wp-content/uploads/sites/2/2025/02/STK155_OPEN_AI_2025_CVirgiia_B.jpg?quality=90&strip=all&crop=0%2C10.732984293194%2C100%2C78.534031413613&w=1200,2025-10-13T14:59:44Z,"<ul><li></li><li></li><li></li></ul>
Chipping away at Nvidias dominance one deal at a time.
Chipping away at Nvidias dominance one deal at a time.
by
Robert HartClose
Robert Hart
Posts from thi… [+2922 chars]",neutral,0.8671883940696716
"{'id': 'wired', 'name': 'Wired'}",Luke Larsen,Lenovo Yoga Pro 9i 16 Review: A True MacBook Pro Rival?,"No Windows laptop is dethroning the MacBook Pro anytime soon, but the Yoga Pro 9i 16 gets surprisingly close.",https://www.wired.com/review/lenovo-yoga-pro-9i-16/,"https://media.wired.com/photos/68e96bf77c192a1493f91916/191:100/w_1280,c_limit/IMG_1898.JPG",2025-10-11T12:00:00Z,"We shouldnt expect any Windows laptop with a powerful discrete GPU to truly replicate what the MacBook Pro does. Yes, there are more powerful systems out there, but efficiency is just not what those … [+1903 chars]",neutral,0.7156320214271545
"{'id': None, 'name': 'Gizmodo.com'}",Kyle Barr,"So, Is Intel Still Making Graphics Cards?","Intel won’t talk about its partnership with Nvidia, but the chipmaker’s still promising “the Next Arc family.”",https://gizmodo.com/intel-still-making-graphics-cards-2000670431,https://gizmodo.com/app/uploads/2025/10/Intel-Fab-Tour-Panther-Lake-1-1200x675.jpg,2025-10-09T19:31:37Z,Theres something strange going on at Intel. The company is looking to get leaner as it simultaneously builds up its chipmaking capabilities. The U.S. chip giants nascent venture into graphics cards d… [+4303 chars],neutral,0.8730399012565613
"{'id': 'the-verge', 'name': 'The Verge'}",Sean Hollister,"Here is Panther Lake, Intel’s 2026 laptop chip with next-gen graphics","Panther Lake is the most important chip Intel has made in years. It's the one that will tell the world if a smaller, more focused Intel can still meet or beat the competition from Apple, AMD, and Qualcomm. It's the first on Intel's 18A process, the one Intel …",https://www.theverge.com/report/797146/intel-panther-lake-core-series-3-architecture-platform-feature-reveal,https://platform.theverge.com/wp-content/uploads/sites/2/2025/10/intel-panther-lake.jpg?quality=90&strip=all&crop=0%2C9.6571756436922%2C100%2C80.685648712616&w=1200,2025-10-09T12:55:28Z,"<ul><li></li><li></li><li></li></ul>
What we know about the next Intel Core Ultra.
What we know about the next Intel Core Ultra.
by
Sean HollisterClose
Sean Hollister
Posts from this author wil… [+7111 chars]",neutral,0.9408499598503113
"{'id': None, 'name': 'Gizmodo.com'}",Ece Yildirim,OpenAI Gobbles Up a Stake in AMD as Its Spending Spree Shows No Sign of Stopping,Sam Altman needs compute and will do whatever it takes to get it.,https://gizmodo.com/openai-gobbles-up-a-stake-in-amd-as-its-spending-spree-shows-no-sign-of-stopping-2000668016,https://gizmodo.com/app/uploads/2025/10/shutterstock_2673979929-1200x675.jpg,2025-10-06T13:55:36Z,"OpenAI just inked another multibillion-dollar deal.
The AI giant is buying 6 gigawatts and billions of dollars worth of Nvidia-rival chipmaker AMD’s latest generation chips to power its next-generat… [+2994 chars]",positive,0.5447741150856018
"{'id': None, 'name': 'BBC News'}",,How China is challenging Nvidia's AI chip dominance,Beijing has urged local firms to use homemade chips. But is China ready to turn away from Nvidia?,https://www.bbc.com/news/articles/cgmz2vm3yv8o,https://ichef.bbci.co.uk/news/1024/branded_news/9949/live/85746ea0-9cd6-11f0-8245-f3f629744491.jpg,2025-10-05T23:00:21Z,"Osmond ChiaBusiness reporter
Nvidia CEO Jensen Huang said China is ""nanoseconds behind"" the US in chips
The US has dominated the global technology market for decades. But China wants to change that… [+6985 chars]",neutral,0.802434504032135
"{'id': None, 'name': 'Yahoo Entertainment'}",Zacks Equity Research,"The Zacks Analyst Blog Highlights NVIDIA, Microsoft, IBM, D-Wave and IonQ","NVDA, MSFT, IBM, QBTS, and IONQ are poised to benefit from quantum computing advancements, combining hardware breakthroughs, commercial traction, and...",https://finance.yahoo.com/news/zacks-analyst-blog-highlights-nvidia-091000163.html,https://media.zenfs.com/en/zacks.com/cbfcc2d36e5d5391b79e00de30b0354f,2025-10-03T09:10:00Z,"For Immediate Release
Chicago, IL – October 3, 2025 – Zacks.com announces the list of stocks featured in the Analyst Blog. Every day the Zacks Equity Research analysts discuss the latest news and ev… [+6759 chars]",neutral,0.9461362957954407
